<?xml version="1.0" encoding="UTF-8"?>
<project-private xmlns="http://www.netbeans.org/ns/project-private/1">
    <editor-bookmarks xmlns="http://www.netbeans.org/ns/editor-bookmarks/2" lastBookmarkId="0"/>
    <open-files xmlns="http://www.netbeans.org/ns/projectui-open-files/2">
        <group>
            <file>file:/C:/Users/dynas/OneDrive/Documents/S71918%20lab/SportFacilities2/web/badmintonReservation.jsp</file>
            <file>file:/C:/Users/dynas/OneDrive/Documents/S71918%20lab/SportFacilities2/web/swimmingReservation.jsp</file>
            <file>file:/C:/Users/dynas/OneDrive/Documents/S71918%20lab/SportFacilities2/web/viewUsers.jsp</file>
            <file>file:/C:/Users/dynas/OneDrive/Documents/S71918%20lab/SportFacilities2/web/reminder.jsp</file>
            <file>file:/C:/Users/dynas/OneDrive/Documents/S71918%20lab/SportFacilities2/src/java/bookServlet.java</file>
            <file>file:/C:/Users/dynas/OneDrive/Documents/S71918%20lab/SportFacilities2/web/WEB-INF/web.xml</file>
            <file>file:/C:/Users/dynas/OneDrive/Documents/S71918%20lab/SportFacilities2/web/maintenanceDashboard.jsp</file>
            <file>file:/C:/Users/dynas/OneDrive/Documents/S71918%20lab/SportFacilities2/web/bookingHistory.jsp</file>
            <file>file:/C:/Users/dynas/OneDrive/Documents/S71918%20lab/SportFacilities2/src/java/LogoutServlet.java</file>
            <file>file:/C:/Users/dynas/OneDrive/Documents/S71918%20lab/SportFacilities2/web/maintenanceScheduler.jsp</file>
            <file>file:/C:/Users/dynas/OneDrive/Documents/S71918%20lab/SportFacilities2/src/java/AddUserServlet.java</file>
            <file>file:/C:/Users/dynas/OneDrive/Documents/S71918%20lab/SportFacilities2/src/java/DeleteFeedbackServlet.java</file>
            <file>file:/C:/Users/dynas/OneDrive/Documents/S71918%20lab/SportFacilities2/src/java/loginServlet.java</file>
            <file>file:/C:/Users/dynas/OneDrive/Documents/S71918%20lab/SportFacilities2/web/register.jsp</file>
            <file>file:/C:/Users/dynas/OneDrive/Documents/S71918%20lab/SportFacilities2/web/viewBookings.jsp</file>
            <file>file:/C:/Users/dynas/OneDrive/Documents/S71918%20lab/SportFacilities2/src/java/registerServlet.java</file>
            <file>file:/C:/Users/dynas/OneDrive/Documents/S71918%20lab/SportFacilities2/web/viewMaintenance.jsp</file>
            <file>file:/C:/Users/dynas/OneDrive/Documents/S71918%20lab/SportFacilities2/src/java/UpdateMaintenanceStatusServlet.java</file>
            <file>file:/C:/Users/dynas/OneDrive/Documents/S71918%20lab/SportFacilities2/src/java/ReminderServlet.java</file>
            <file>file:/C:/Users/dynas/OneDrive/Documents/S71918%20lab/SportFacilities2/web/editFeedback.jsp</file>
            <file>file:/C:/Users/dynas/OneDrive/Documents/S71918%20lab/SportFacilities2/web/managementDashboard.jsp</file>
            <file>file:/C:/Users/dynas/OneDrive/Documents/S71918%20lab/SportFacilities2/web/customerDashboard.jsp</file>
            <file>file:/C:/Users/dynas/OneDrive/Documents/S71918%20lab/SportFacilities2/src/java/MaintenanceServlet.java</file>
            <file>file:/C:/Users/dynas/OneDrive/Documents/S71918%20lab/SportFacilities2/src/java/CancelBookingServlet.java</file>
            <file>file:/C:/Users/dynas/OneDrive/Documents/S71918%20lab/SportFacilities2/web/view_feedback.jsp</file>
            <file>file:/C:/Users/dynas/OneDrive/Documents/S71918%20lab/SportFacilities2/web/gymReservation.jsp</file>
            <file>file:/C:/Users/dynas/OneDrive/Documents/S71918%20lab/SportFacilities2/src/java/EditUserServlet.java</file>
            <file>file:/C:/Users/dynas/OneDrive/Documents/S71918%20lab/SportFacilities2/web/feedback.jsp</file>
            <file>file:/C:/Users/dynas/OneDrive/Documents/S71918%20lab/SportFacilities2/web/login.jsp</file>
            <file>file:/C:/Users/dynas/OneDrive/Documents/S71918%20lab/SportFacilities2/web/logout.jsp</file>
        </group>
    </open-files>
</project-private>
